"Compulsory_Military_Service","mean","median","sd","skewness","IQR"
0,927791.117647059,149513,3060667.50297173,5.61124825420015,438868.5
1,684787.794871795,119528,1942580.78401852,4.82453429279878,477656.5
